Quincy Acy,SF,dal,http://www.basketball-reference.com/players/a/acyqu01/gamelog/
Jordan Adams,SG,mem,http://www.basketball-reference.com/players/a/adamsjo01/gamelog/
Steven Adams,C,okc,http://www.basketball-reference.com/players/a/adamsst01/gamelog/
Arron Afflalo,SG,sac,http://www.basketball-reference.com/players/a/afflaar01/gamelog/
Alexis Ajinca,C,nor,http://www.basketball-reference.com/players/a/ajincal01/gamelog/
Cole Aldrich,C,min,http://www.basketball-reference.com/players/a/aldrico01/gamelog/
LaMarcus Aldridge,PF,sas,http://www.basketball-reference.com/players/a/aldrila01/gamelog/
Lavoy Allen,PF,ind,http://www.basketball-reference.com/players/a/allenla01/gamelog/
Tony Allen,SG,mem,http://www.basketball-reference.com/players/a/allento01/gamelog/
Al-Farouq Aminu,SF,por,http://www.basketball-reference.com/players/a/aminual01/gamelog/
Lou Amundson,PF,nyk,http://www.basketball-reference.com/players/a/amundlo01/gamelog/
Chris Andersen,PF,cle,http://www.basketball-reference.com/players/a/anderch01/gamelog/
Alan Anderson,SG,lac,http://www.basketball-reference.com/players/a/anderal01/gamelog/
Justin Anderson,SG,dal,http://www.basketball-reference.com/players/a/anderju01/gamelog/
Kyle Anderson,SF,sas,http://www.basketball-reference.com/players/a/anderky01/gamelog/
Ryan Anderson,PF,hou,http://www.basketball-reference.com/players/a/anderry01/gamelog/
Giannis Antetokounmpo,SF,mil,http://www.basketball-reference.com/players/a/antetgi01/gamelog/
Carmelo Anthony,SF,nyk,http://www.basketball-reference.com/players/a/anthoca01/gamelog/
Joel Anthony,C,sas,http://www.basketball-reference.com/players/a/anthojo01/gamelog/
Trevor Ariza,SF,hou,http://www.basketball-reference.com/players/a/arizatr01/gamelog/
Darrell Arthur,PF,den,http://www.basketball-reference.com/players/a/arthuda01/gamelog/
Omer Asik,C,nor,http://www.basketball-reference.com/players/a/asikom01/gamelog/
D.J. Augustin,PG,orl,http://www.basketball-reference.com/players/a/augusdj01/gamelog/
Jeff Ayres,PF,lac,http://www.basketball-reference.com/players/p/pendeje02/gamelog/
Luke Babbitt,SF,mia,http://www.basketball-reference.com/players/b/babbilu01/gamelog/
Leandro Barbosa,SG,pho,http://www.basketball-reference.com/players/b/barbole01/gamelog/
J.J. Barea,PG,dal,http://www.basketball-reference.com/players/b/bareajo01/gamelog/
Harrison Barnes,SF,dal,http://www.basketball-reference.com/players/b/barneha02/gamelog/
Matt Barnes,SF,sac,http://www.basketball-reference.com/players/b/barnema02/gamelog/
Will Barton,SF,den,http://www.basketball-reference.com/players/b/bartowi01/gamelog/
Brandon Bass,PF,lac,http://www.basketball-reference.com/players/b/bassbr01/gamelog/
Nicolas Batum,SG,cha,http://www.basketball-reference.com/players/b/batumni01/gamelog/
Jerryd Bayless,PG,phi,http://www.basketball-reference.com/players/b/bayleje01/gamelog/
Aron Baynes,PF,det,http://www.basketball-reference.com/players/b/baynear01/gamelog/
Kent Bazemore,SF,atl,http://www.basketball-reference.com/players/b/bazemke01/gamelog/
Bradley Beal,SG,was,http://www.basketball-reference.com/players/b/bealbr01/gamelog/
Michael Beasley,SF,mil,http://www.basketball-reference.com/players/b/beaslmi01/gamelog/
Marco Belinelli,SG,cha,http://www.basketball-reference.com/players/b/belinma01/gamelog/
Anthony Bennett,PF,bkn,http://www.basketball-reference.com/players/b/bennean01/gamelog/
Patrick Beverley,PG,hou,http://www.basketball-reference.com/players/b/beverpa01/gamelog/
Bismack Biyombo,C,orl,http://www.basketball-reference.com/players/b/biyombi01/gamelog/
Nemanja Bjelica,PF,min,http://www.basketball-reference.com/players/b/bjeline01/gamelog/
Tarik Black,C,lal,http://www.basketball-reference.com/players/b/blackta01/gamelog/
Eric Bledsoe,PG,pho,http://www.basketball-reference.com/players/b/bledser01/gamelog/
Bojan Bogdanovic,SG,bkn,http://www.basketball-reference.com/players/b/bogdabo02/gamelog/
Andrew Bogut,C,dal,http://www.basketball-reference.com/players/b/bogutan01/gamelog/
Devin Booker,SG,pho,http://www.basketball-reference.com/players/b/bookede01/gamelog/
Trevor Booker,PF,bkn,http://www.basketball-reference.com/players/b/booketr01/gamelog/
Chris Bosh,PF,mia,http://www.basketball-reference.com/players/b/boshch01/gamelog/
Avery Bradley,PG,bos,http://www.basketball-reference.com/players/b/bradlav01/gamelog/
Elton Brand,PF,phi,http://www.basketball-reference.com/players/b/brandel01/gamelog/
Corey Brewer,SF,hou,http://www.basketball-reference.com/players/b/breweco01/gamelog/
Aaron Brooks,PG,ind,http://www.basketball-reference.com/players/b/brookaa01/gamelog/
Anthony Brown,SF,lal,http://www.basketball-reference.com/players/b/brownan02/gamelog/
Lorenzo Brown,PG,det,http://www.basketball-reference.com/players/b/brownlo01/gamelog/
Markel Brown,SG,cle,http://www.basketball-reference.com/players/b/brownma02/gamelog/
Chase Budinger,SF,bkn,http://www.basketball-reference.com/players/b/budinch01/gamelog/
Reggie Bullock,SF,det,http://www.basketball-reference.com/players/b/bullore01/gamelog/
Trey Burke,PG,was,http://www.basketball-reference.com/players/b/burketr01/gamelog/
Alec Burks,SG,uth,http://www.basketball-reference.com/players/b/burksal01/gamelog/
Jimmy Butler,SG,chi,http://www.basketball-reference.com/players/b/butleji01/gamelog/
Rasual Butler,SF,min,http://www.basketball-reference.com/players/b/butlera01/gamelog/
Will Bynum,PG,atl,http://www.basketball-reference.com/players/b/bynumwi01/gamelog/
Bruno Caboclo,SF,tor,http://www.basketball-reference.com/players/c/cabocbr01/gamelog/
Jose Calderon,PG,lal,http://www.basketball-reference.com/players/c/caldejo01/gamelog/
Kentavious Caldwell-Pope,SG,det,http://www.basketball-reference.com/players/c/caldwke01/gamelog/
Isaiah Canaan,PG,chi,http://www.basketball-reference.com/players/c/canaais01/gamelog/
Clint Capela,C,hou,http://www.basketball-reference.com/players/c/capelca01/gamelog/
DeMarre Carroll,SF,tor,http://www.basketball-reference.com/players/c/carrode01/gamelog/
Vince Carter,SG,mem,http://www.basketball-reference.com/players/c/cartevi01/gamelog/
Michael Carter-Williams,PG,chi,http://www.basketball-reference.com/players/c/cartemi01/gamelog/
Omri Casspi,SF,sac,http://www.basketball-reference.com/players/c/casspom01/gamelog/
Willie Cauley-Stein,C,sac,http://www.basketball-reference.com/players/c/caulewi01/gamelog/
Tyson Chandler,C,pho,http://www.basketball-reference.com/players/c/chandty01/gamelog/
Wilson Chandler,SF,den,http://www.basketball-reference.com/players/c/chandwi01/gamelog/
Rakeem Christmas,PF,ind,http://www.basketball-reference.com/players/c/chrisra01/gamelog/
Ian Clark,SG,gsw,http://www.basketball-reference.com/players/c/clarkia01/gamelog/
Jordan Clarkson,PG,lal,http://www.basketball-reference.com/players/c/clarkjo01/gamelog/
Darren Collison,PG,sac,http://www.basketball-reference.com/players/c/collida01/gamelog/
Nick Collison,PF,okc,http://www.basketball-reference.com/players/c/collini01/gamelog/
Mike Conley,PG,mem,http://www.basketball-reference.com/players/c/conlemi01/gamelog/
Pat Connaughton,SG,por,http://www.basketball-reference.com/players/c/connapa01/gamelog/
Chris Copeland,SF,nor,http://www.basketball-reference.com/players/c/copelch01/gamelog/
DeMarcus Cousins,C,sac,http://www.basketball-reference.com/players/c/couside01/gamelog/
Robert Covington,SF,phi,http://www.basketball-reference.com/players/c/covinro01/gamelog/
Allen Crabbe,SG,por,http://www.basketball-reference.com/players/c/crabbal01/gamelog/
Jamal Crawford,SG,lac,http://www.basketball-reference.com/players/c/crawfja01/gamelog/
Jae Crowder,SF,bos,http://www.basketball-reference.com/players/c/crowdja01/gamelog/
Dante Cunningham,PF,nor,http://www.basketball-reference.com/players/c/cunnida01/gamelog/
Seth Curry,SG,dal,http://www.basketball-reference.com/players/c/curryse01/gamelog/
Stephen Curry,PG,gsw,http://www.basketball-reference.com/players/c/curryst01/gamelog/
Troy Daniels,SG,mem,http://www.basketball-reference.com/players/d/danietr01/gamelog/
Anthony Davis,PF,nor,http://www.basketball-reference.com/players/d/davisan02/gamelog/
Ed Davis,PF,por,http://www.basketball-reference.com/players/d/davised01/gamelog/
Eric Dawson,PF,uth,http://www.basketball-reference.com/players/d/dawsoer01/gamelog/
Dewayne Dedmon,C,sas,http://www.basketball-reference.com/players/d/dedmode01/gamelog/
Sam Dekker,SF,hou,http://www.basketball-reference.com/players/d/dekkesa01/gamelog/
Matthew Dellavedova,PG,mil,http://www.basketball-reference.com/players/d/dellama01/gamelog/
Luol Deng,SF,lal,http://www.basketball-reference.com/players/d/denglu01/gamelog/
DeMar DeRozan,SG,tor,http://www.basketball-reference.com/players/d/derozde01/gamelog/
Boris Diaw,C,uth,http://www.basketball-reference.com/players/d/diawbo01/gamelog/
Gorgui Dieng,C,min,http://www.basketball-reference.com/players/d/dienggo01/gamelog/
Spencer Dinwiddie,PG,chi,http://www.basketball-reference.com/players/d/dinwisp01/gamelog/
Toney Douglas,PG,cle,http://www.basketball-reference.com/players/d/douglto01/gamelog/
Goran Dragic,PG,mia,http://www.basketball-reference.com/players/d/dragigo01/gamelog/
Andre Drummond,C,det,http://www.basketball-reference.com/players/d/drumman01/gamelog/
Jared Dudley,SF,pho,http://www.basketball-reference.com/players/d/dudleja01/gamelog/
Mike Dunleavy,SG,cle,http://www.basketball-reference.com/players/d/dunlemi02/gamelog/
Kevin Durant,SF,gsw,http://www.basketball-reference.com/players/d/duranke01/gamelog/
Cleanthony Early,SF,nyk,http://www.basketball-reference.com/players/e/earlycl01/gamelog/
Jarell Eddie,SG,was,http://www.basketball-reference.com/players/e/eddieja01/gamelog/
Wayne Ellington,SG,mia,http://www.basketball-reference.com/players/e/ellinwa01/gamelog/
Monta Ellis,SG,ind,http://www.basketball-reference.com/players/e/ellismo01/gamelog/
James Ennis,SF,mem,http://www.basketball-reference.com/players/e/ennisja01/gamelog/
Tyler Ennis,PG,hou,http://www.basketball-reference.com/players/e/ennisty01/gamelog/
Jeremy Evans,SF,ind,http://www.basketball-reference.com/players/e/evansje01/gamelog/
Tyreke Evans,SG,nor,http://www.basketball-reference.com/players/e/evansty01/gamelog/
Dante Exum,PG,uth,http://www.basketball-reference.com/players/e/exumda01/gamelog/
Festus Ezeli,C,por,http://www.basketball-reference.com/players/e/ezelife01/gamelog/
Kenneth Faried,PF,den,http://www.basketball-reference.com/players/f/farieke01/gamelog/
Jordan Farmar,PG,sac,http://www.basketball-reference.com/players/f/farmajo01/gamelog/
Derrick Favors,PF,uth,http://www.basketball-reference.com/players/f/favorde01/gamelog/
Cristiano Felicio,PF,chi,http://www.basketball-reference.com/players/f/feliccr01/gamelog/
Raymond Felton,PG,lac,http://www.basketball-reference.com/players/f/feltora01/gamelog/
Evan Fournier,SG,orl,http://www.basketball-reference.com/players/f/fournev01/gamelog/
Randy Foye,SG,bkn,http://www.basketball-reference.com/players/f/foyera01/gamelog/
Tim Frazier,PG,nor,http://www.basketball-reference.com/players/f/fraziti01/gamelog/
Channing Frye,PF,cle,http://www.basketball-reference.com/players/f/fryech01/gamelog/
Danilo Gallinari,SF,den,http://www.basketball-reference.com/players/g/gallida01/gamelog/
Langston Galloway,SG,nor,http://www.basketball-reference.com/players/g/gallola01/gamelog/
Marc Gasol,C,mem,http://www.basketball-reference.com/players/g/gasolma01/gamelog/
Pau Gasol,C,sas,http://www.basketball-reference.com/players/g/gasolpa01/gamelog/
Rudy Gay,SF,sac,http://www.basketball-reference.com/players/g/gayru01/gamelog/
Alonzo Gee,SG,nor,http://www.basketball-reference.com/players/g/geeal01/gamelog/
Paul George,SF,ind,http://www.basketball-reference.com/players/g/georgpa01/gamelog/
Taj Gibson,PF,chi,http://www.basketball-reference.com/players/g/gibsota01/gamelog/
Manu Ginobili,SG,sas,http://www.basketball-reference.com/players/g/ginobma01/gamelog/
Rudy Gobert,C,uth,http://www.basketball-reference.com/players/g/goberru01/gamelog/
Archie Goodwin,SG,pho,http://www.basketball-reference.com/players/g/goodwar01/gamelog/
Aaron Gordon,PF,orl,http://www.basketball-reference.com/players/g/gordoaa01/gamelog/
Eric Gordon,SG,hou,http://www.basketball-reference.com/players/g/gordoer01/gamelog/
Marcin Gortat,C,was,http://www.basketball-reference.com/players/g/gortama01/gamelog/
Jerami Grant,SF,phi,http://www.basketball-reference.com/players/g/grantje01/gamelog/
Jerian Grant,PG,chi,http://www.basketball-reference.com/players/g/grantje02/gamelog/
Danny Green,SG,sas,http://www.basketball-reference.com/players/g/greenda02/gamelog/
Draymond Green,PF,gsw,http://www.basketball-reference.com/players/g/greendr01/gamelog/
Gerald Green,SF,bos,http://www.basketball-reference.com/players/g/greenge01/gamelog/
JaMychal Green,PF,mem,http://www.basketball-reference.com/players/g/greenja01/gamelog/
Jeff Green,SF,orl,http://www.basketball-reference.com/players/g/greenje02/gamelog/
Blake Griffin,PF,lac,http://www.basketball-reference.com/players/g/griffbl01/gamelog/
Jorge Gutierrez,PG,bkn,http://www.basketball-reference.com/players/g/gutiejo01/gamelog/
P.J. Hairston,SF,hou,http://www.basketball-reference.com/players/h/hairspj02/gamelog/
Justin Hamilton,PF,bkn,http://www.basketball-reference.com/players/h/hamilju01/gamelog/
James Harden,SG,hou,http://www.basketball-reference.com/players/h/hardeja01/gamelog/
Maurice Harkless,SF,por,http://www.basketball-reference.com/players/h/harklma01/gamelog/
Montrezl Harrell,PF,hou,http://www.basketball-reference.com/players/h/harremo01/gamelog/
Devin Harris,PG,dal,http://www.basketball-reference.com/players/h/harride01/gamelog/
Gary Harris,SG,den,http://www.basketball-reference.com/players/h/harriga01/gamelog/
Joe Harris,SG,bkn,http://www.basketball-reference.com/players/h/harrijo01/gamelog/
Tobias Harris,SF,det,http://www.basketball-reference.com/players/h/harrito02/gamelog/
Aaron Harrison,SG,cha,http://www.basketball-reference.com/players/h/harriaa01/gamelog/
Udonis Haslem,PF,mia,http://www.basketball-reference.com/players/h/hasleud01/gamelog/
Spencer Hawes,PF,cha,http://www.basketball-reference.com/players/h/hawessp01/gamelog/
Gordon Hayward,SF,uth,http://www.basketball-reference.com/players/h/haywago01/gamelog/
Gerald Henderson,SG,phi,http://www.basketball-reference.com/players/h/hendege02/gamelog/
John Henson,PF,mil,http://www.basketball-reference.com/players/h/hensojo01/gamelog/
Mario Hezonja,SG,orl,http://www.basketball-reference.com/players/h/hezonma01/gamelog/
Roy Hibbert,C,cha,http://www.basketball-reference.com/players/h/hibbero01/gamelog/
Nene Hilario,C,hou,http://www.basketball-reference.com/players/h/hilarne01/gamelog/
George Hill,PG,uth,http://www.basketball-reference.com/players/h/hillge01/gamelog/
Jordan Hill,PF,min,http://www.basketball-reference.com/players/h/hilljo01/gamelog/
Solomon Hill,SF,nor,http://www.basketball-reference.com/players/h/hillso01/gamelog/
Darrun Hilliard,SG,det,http://www.basketball-reference.com/players/h/hillida01/gamelog/
Jrue Holiday,PG,nor,http://www.basketball-reference.com/players/h/holidjr01/gamelog/
Justin Holiday,SG,nyk,http://www.basketball-reference.com/players/h/holidju01/gamelog/
Rondae Hollis-Jefferson,SG,bkn,http://www.basketball-reference.com/players/h/holliro01/gamelog/
Richaun Holmes,PF,phi,http://www.basketball-reference.com/players/h/holmeri01/gamelog/
Rodney Hood,SG,uth,http://www.basketball-reference.com/players/h/hoodro01/gamelog/
Al Horford,C,bos,http://www.basketball-reference.com/players/h/horfoal01/gamelog/
Dwight Howard,C,atl,http://www.basketball-reference.com/players/h/howardw01/gamelog/
Marcelo Huertas,PG,lal,http://www.basketball-reference.com/players/h/huertma01/gamelog/
Josh Huestis,SF,okc,http://www.basketball-reference.com/players/h/huestjo01/gamelog/
Robbie Hummel,SF,den,http://www.basketball-reference.com/players/h/hummero01/gamelog/
Kris Humphries,PF,atl,http://www.basketball-reference.com/players/h/humphkr01/gamelog/
R.J. Hunter,SG,bos,http://www.basketball-reference.com/players/h/hunterj01/gamelog/
Serge Ibaka,PF,orl,http://www.basketball-reference.com/players/i/ibakase01/gamelog/
Andre Iguodala,SF,gsw,http://www.basketball-reference.com/players/i/iguodan01/gamelog/
Ersan Ilyasova,PF,okc,http://www.basketball-reference.com/players/i/ilyaser01/gamelog/
Joe Ingles,SF,uth,http://www.basketball-reference.com/players/i/inglejo01/gamelog/
Damien Inglis,SF,nyk,http://www.basketball-reference.com/players/i/inglida01/gamelog/
Kyrie Irving,PG,cle,http://www.basketball-reference.com/players/i/irvinky01/gamelog/
Jarrett Jack,PG,atl,http://www.basketball-reference.com/players/j/jackja01/gamelog/
Reggie Jackson,PG,det,http://www.basketball-reference.com/players/j/jacksre01/gamelog/
LeBron James,SF,cle,http://www.basketball-reference.com/players/j/jamesle01/gamelog/
Al Jefferson,C,ind,http://www.basketball-reference.com/players/j/jeffeal01/gamelog/
Cory Jefferson,PF,cle,http://www.basketball-reference.com/players/j/jeffeco01/gamelog/
Richard Jefferson,SF,cle,http://www.basketball-reference.com/players/j/jefferi01/gamelog/
John Jenkins,SG,pho,http://www.basketball-reference.com/players/j/jenkijo01/gamelog/
Brandon Jennings,PG,nyk,http://www.basketball-reference.com/players/j/jennibr01/gamelog/
Jonas Jerebko,PF,bos,http://www.basketball-reference.com/players/j/jerebjo01/gamelog/
Grant Jerrett,PF,por,http://www.basketball-reference.com/players/j/jerregr01/gamelog/
Amir Johnson,PF,bos,http://www.basketball-reference.com/players/j/johnsam01/gamelog/
James Johnson,PF,mia,http://www.basketball-reference.com/players/j/johnsja01/gamelog/
Joe Johnson,SF,uth,http://www.basketball-reference.com/players/j/johnsjo02/gamelog/
Nick Johnson,SG,orl,http://www.basketball-reference.com/players/j/johnsni01/gamelog/
Orlando Johnson,SG,mil,http://www.basketball-reference.com/players/j/johnsor01/gamelog/
Stanley Johnson,SF,det,http://www.basketball-reference.com/players/j/johnsst04/gamelog/
Tyler Johnson,SG,mia,http://www.basketball-reference.com/players/j/johnsty01/gamelog/
Wesley Johnson,SF,lac,http://www.basketball-reference.com/players/j/johnswe01/gamelog/
Nikola Jokic,C,den,http://www.basketball-reference.com/players/j/jokicni01/gamelog/
Dahntay Jones,SG,cle,http://www.basketball-reference.com/players/j/jonesda02/gamelog/
James Jones,SG,cle,http://www.basketball-reference.com/players/j/jonesja02/gamelog/
Terrence Jones,PF,nor,http://www.basketball-reference.com/players/j/joneste01/gamelog/
Tyus Jones,PG,min,http://www.basketball-reference.com/players/j/jonesty01/gamelog/
DeAndre Jordan,C,lac,http://www.basketball-reference.com/players/j/jordade01/gamelog/
Cory Joseph,PG,tor,http://www.basketball-reference.com/players/j/josepco01/gamelog/
Enes Kanter,C,okc,http://www.basketball-reference.com/players/k/kanteen01/gamelog/
Ryan Kelly,PF,atl,http://www.basketball-reference.com/players/k/kellyry01/gamelog/
D.J. Kennedy,SG,den,http://www.basketball-reference.com/players/k/kennedj01/gamelog/
Michael Kidd-Gilchrist,SF,cha,http://www.basketball-reference.com/players/k/kiddgmi01/gamelog/
Sean Kilpatrick,SG,bkn,http://www.basketball-reference.com/players/k/kilpase01/gamelog/
Brandon Knight,PG,pho,http://www.basketball-reference.com/players/k/knighbr03/gamelog/
Kyle Korver,SG,atl,http://www.basketball-reference.com/players/k/korveky01/gamelog/
Kosta Koufos,C,sac,http://www.basketball-reference.com/players/k/koufoko01/gamelog/
Jeremy Lamb,SG,cha,http://www.basketball-reference.com/players/l/lambje01/gamelog/
Joffrey Lauvergne,C,okc,http://www.basketball-reference.com/players/l/lauvejo01/gamelog/
Zach LaVine,PG,min,http://www.basketball-reference.com/players/l/lavinza01/gamelog/
Ty Lawson,PG,sac,http://www.basketball-reference.com/players/l/lawsoty01/gamelog/
Courtney Lee,SG,nyk,http://www.basketball-reference.com/players/l/leeco01/gamelog/
David Lee,PF,sas,http://www.basketball-reference.com/players/l/leeda02/gamelog/
Alex Len,C,pho,http://www.basketball-reference.com/players/l/lenal01/gamelog/
Kawhi Leonard,SF,sas,http://www.basketball-reference.com/players/l/leonaka01/gamelog/
Meyers Leonard,PF,por,http://www.basketball-reference.com/players/l/leoname01/gamelog/
Jon Leuer,PF,det,http://www.basketball-reference.com/players/l/leuerjo01/gamelog/
DeAndre Liggins,SG,cle,http://www.basketball-reference.com/players/l/liggide01/gamelog/
Damian Lillard,PG,por,http://www.basketball-reference.com/players/l/lillada01/gamelog/
Jeremy Lin,PG,bkn,http://www.basketball-reference.com/players/l/linje01/gamelog/
Shaun Livingston,PG,gsw,http://www.basketball-reference.com/players/l/livinsh01/gamelog/
Kevon Looney,SF,gsw,http://www.basketball-reference.com/players/l/looneke01/gamelog/
Brook Lopez,C,bkn,http://www.basketball-reference.com/players/l/lopezbr01/gamelog/
Robin Lopez,C,chi,http://www.basketball-reference.com/players/l/lopezro01/gamelog/
Kevin Love,PF,cle,http://www.basketball-reference.com/players/l/loveke01/gamelog/
Kyle Lowry,PG,tor,http://www.basketball-reference.com/players/l/lowryky01/gamelog/
John Lucas III,PG,min,http://www.basketball-reference.com/players/l/lucasjo02/gamelog/
Trey Lyles,PF,uth,http://www.basketball-reference.com/players/l/lylestr01/gamelog/
Shelvin Mack,PG,uth,http://www.basketball-reference.com/players/m/macksh01/gamelog/
Ian Mahinmi,C,was,http://www.basketball-reference.com/players/m/mahinia01/gamelog/
Boban Marjanovic,C,det,http://www.basketball-reference.com/players/m/marjabo01/gamelog/
Jarell Martin,PF,mem,http://www.basketball-reference.com/players/m/martija01/gamelog/
Wesley Matthews,SG,dal,http://www.basketball-reference.com/players/m/matthwe02/gamelog/
James Michael McAdoo,SF,gsw,http://www.basketball-reference.com/players/m/mcadoja01/gamelog/
Ray McCallum,PG,det,http://www.basketball-reference.com/players/m/mccalra01/gamelog/
C.J. McCollum,SG,por,http://www.basketball-reference.com/players/m/mccolcj01/gamelog/
T.J. McConnell,PG,phi,http://www.basketball-reference.com/players/m/mccontj01/gamelog/
Chris McCullough,PF,bkn,http://www.basketball-reference.com/players/m/mcculch01/gamelog/
K.J. McDaniels,SG,hou,http://www.basketball-reference.com/players/m/mcdankj01/gamelog/
Doug McDermott,SF,chi,http://www.basketball-reference.com/players/m/mcderdo01/gamelog/
Mitch McGary,PF,okc,http://www.basketball-reference.com/players/m/mcgarmi01/gamelog/
JaVale McGee,C,gsw,http://www.basketball-reference.com/players/m/mcgeeja01/gamelog/
Ben McLemore,SG,sac,http://www.basketball-reference.com/players/m/mclembe01/gamelog/
Jordan McRae,SG,cle,http://www.basketball-reference.com/players/m/mcraejo01/gamelog/
Josh McRoberts,PF,mia,http://www.basketball-reference.com/players/m/mcrobjo01/gamelog/
Jodie Meeks,SG,orl,http://www.basketball-reference.com/players/m/meeksjo01/gamelog/
Salah Mejri,C,dal,http://www.basketball-reference.com/players/m/mejrisa01/gamelog/
Jordan Mickey,PF,bos,http://www.basketball-reference.com/players/m/mickejo01/gamelog/
Khris Middleton,SG,mil,http://www.basketball-reference.com/players/m/middlkh01/gamelog/
C.J. Miles,SF,ind,http://www.basketball-reference.com/players/m/milescj01/gamelog/
Mike Miller,SG,den,http://www.basketball-reference.com/players/m/millemi01/gamelog/
Paul Millsap,PF,atl,http://www.basketball-reference.com/players/m/millspa01/gamelog/
Nikola Mirotic,PF,chi,http://www.basketball-reference.com/players/m/mirotni01/gamelog/
Greg Monroe,C,mil,http://www.basketball-reference.com/players/m/monrogr01/gamelog/
Luis Montero,SG,mia,http://www.basketball-reference.com/players/m/montelu01/gamelog/
E'Twaun Moore,SG,nor,http://www.basketball-reference.com/players/m/mooreet01/gamelog/
Marcus Morris,PF,det,http://www.basketball-reference.com/players/m/morrima03/gamelog/
Markieff Morris,PF,was,http://www.basketball-reference.com/players/m/morrima02/gamelog/
Anthony Morrow,SG,okc,http://www.basketball-reference.com/players/m/morroan01/gamelog/
Timofey Mozgov,C,lal,http://www.basketball-reference.com/players/m/mozgoti01/gamelog/
Emmanuel Mudiay,PG,den,http://www.basketball-reference.com/players/m/mudiaem01/gamelog/
Shabazz Muhammad,SF,min,http://www.basketball-reference.com/players/m/muhamsh01/gamelog/
Toure' Murry,SF,min,http://www.basketball-reference.com/players/m/murryto01/gamelog/
Mike Muscala,PF,atl,http://www.basketball-reference.com/players/m/muscami01/gamelog/
Larry Nance Jr.,PF,lal,http://www.basketball-reference.com/players/n/nancela02/gamelog/
Shabazz Napier,PG,por,http://www.basketball-reference.com/players/n/napiesh01/gamelog/
Jameer Nelson,PG,den,http://www.basketball-reference.com/players/n/nelsoja01/gamelog/
Raul Neto,PG,uth,http://www.basketball-reference.com/players/n/netora01/gamelog/
Andrew Nicholson,PF,was,http://www.basketball-reference.com/players/n/nichoan01/gamelog/
Joakim Noah,C,nyk,http://www.basketball-reference.com/players/n/noahjo01/gamelog/
Nerlens Noel,PF,phi,http://www.basketball-reference.com/players/n/noelne01/gamelog/
Lucas Nogueira,C,tor,http://www.basketball-reference.com/players/n/noguelu01/gamelog/
Steve Novak,SF,mil,http://www.basketball-reference.com/players/n/novakst01/gamelog/
Dirk Nowitzki,PF,dal,http://www.basketball-reference.com/players/n/nowitdi01/gamelog/
Jusuf Nurkic,C,den,http://www.basketball-reference.com/players/n/nurkiju01/gamelog/
J.J. O'Brien,SF,mil,http://www.basketball-reference.com/players/o/obriejj01/gamelog/
Kyle O'Quinn,PF,nyk,http://www.basketball-reference.com/players/o/oquinky01/gamelog/
Jahlil Okafor,C,phi,http://www.basketball-reference.com/players/o/okafoja01/gamelog/
Victor Oladipo,SG,okc,http://www.basketball-reference.com/players/o/oladivi01/gamelog/
Kelly Olynyk,C,bos,http://www.basketball-reference.com/players/o/olynyke01/gamelog/
Arinze Onuaku,PF,orl,http://www.basketball-reference.com/players/o/onuakar01/gamelog/
Zaza Pachulia,C,gsw,http://www.basketball-reference.com/players/p/pachuza01/gamelog/
Jabari Parker,PF,mil,http://www.basketball-reference.com/players/p/parkeja01/gamelog/
Tony Parker,PG,sas,http://www.basketball-reference.com/players/p/parketo01/gamelog/
Chandler Parsons,SF,mem,http://www.basketball-reference.com/players/p/parsoch01/gamelog/
Lamar Patterson,SG,sac,http://www.basketball-reference.com/players/p/pattela01/gamelog/
Patrick Patterson,PF,tor,http://www.basketball-reference.com/players/p/pattepa01/gamelog/
Chris Paul,PG,lac,http://www.basketball-reference.com/players/p/paulch01/gamelog/
Adreian Payne,PF,min,http://www.basketball-reference.com/players/p/paynead01/gamelog/
Cameron Payne,PG,okc,http://www.basketball-reference.com/players/p/payneca01/gamelog/
Elfrid Payton,PG,orl,http://www.basketball-reference.com/players/p/paytoel01/gamelog/
Nikola Pekovic,C,min,http://www.basketball-reference.com/players/p/pekovni01/gamelog/
Paul Pierce,SF,lac,http://www.basketball-reference.com/players/p/piercpa01/gamelog/
Mason Plumlee,PF,por,http://www.basketball-reference.com/players/p/plumlma01/gamelog/
Miles Plumlee,C,mil,http://www.basketball-reference.com/players/p/plumlmi01/gamelog/
Quincy Pondexter,SG,nor,http://www.basketball-reference.com/players/p/pondequ01/gamelog/
Bobby Portis,PF,chi,http://www.basketball-reference.com/players/p/portibo01/gamelog/
Kristaps Porzingis,PF,nyk,http://www.basketball-reference.com/players/p/porzikr01/gamelog/
Dwight Powell,PF,dal,http://www.basketball-reference.com/players/p/poweldw01/gamelog/
Norman Powell,SG,tor,http://www.basketball-reference.com/players/p/powelno01/gamelog/
Phil Pressey,PG,gsw,http://www.basketball-reference.com/players/p/pressph01/gamelog/
Ronnie Price,PG,okc,http://www.basketball-reference.com/players/p/pricero01/gamelog/
Pablo Prigioni,PG,hou,http://www.basketball-reference.com/players/p/prigipa01/gamelog/
Julius Randle,PF,lal,http://www.basketball-reference.com/players/r/randlju01/gamelog/
Zach Randolph,PF,mem,http://www.basketball-reference.com/players/r/randoza01/gamelog/
Willie Reed,PF,mia,http://www.basketball-reference.com/players/r/reedwi02/gamelog/
Josh Richardson,SG,mia,http://www.basketball-reference.com/players/r/richajo01/gamelog/
Austin Rivers,PG,lac,http://www.basketball-reference.com/players/r/riverau01/gamelog/
Andre Roberson,SG,okc,http://www.basketball-reference.com/players/r/roberan03/gamelog/
Brian Roberts,PG,cha,http://www.basketball-reference.com/players/r/roberbr01/gamelog/
Thomas Robinson,PF,lal,http://www.basketball-reference.com/players/r/robinth01/gamelog/
Rajon Rondo,PG,chi,http://www.basketball-reference.com/players/r/rondora01/gamelog/
Derrick Rose,PG,nyk,http://www.basketball-reference.com/players/r/rosede01/gamelog/
Terrence Ross,SF,tor,http://www.basketball-reference.com/players/r/rosste01/gamelog/
Terry Rozier,PG,bos,http://www.basketball-reference.com/players/r/roziete01/gamelog/
Ricky Rubio,PG,min,http://www.basketball-reference.com/players/r/rubiori01/gamelog/
Damjan Rudez,SF,orl,http://www.basketball-reference.com/players/r/rudezda01/gamelog/
Brandon Rush,SG,min,http://www.basketball-reference.com/players/r/rushbr01/gamelog/
D'Angelo Russell,PG,lal,http://www.basketball-reference.com/players/r/russeda01/gamelog/
Robert Sacre,C,nor,http://www.basketball-reference.com/players/s/sacrero01/gamelog/
JaKarr Sampson,SG,den,http://www.basketball-reference.com/players/s/sampsja02/gamelog/
Dennis Schroder,PG,atl,http://www.basketball-reference.com/players/s/schrode01/gamelog/
Luis Scola,PF,bkn,http://www.basketball-reference.com/players/s/scolalu01/gamelog/
Mike Scott,PF,atl,http://www.basketball-reference.com/players/s/scottmi01/gamelog/
Thabo Sefolosha,SF,atl,http://www.basketball-reference.com/players/s/sefolth01/gamelog/
Kevin Seraphin,C,ind,http://www.basketball-reference.com/players/s/serapke01/gamelog/
Ramon Sessions,PG,cha,http://www.basketball-reference.com/players/s/sessira01/gamelog/
Iman Shumpert,SG,cle,http://www.basketball-reference.com/players/s/shumpim01/gamelog/
Jonathon Simmons,SG,sas,http://www.basketball-reference.com/players/s/simmojo02/gamelog/
Henry Sims,C,uth,http://www.basketball-reference.com/players/s/simshe01/gamelog/
Kyle Singler,SF,okc,http://www.basketball-reference.com/players/s/singlky01/gamelog/
Marcus Smart,PG,bos,http://www.basketball-reference.com/players/s/smartma01/gamelog/
Ish Smith,PG,det,http://www.basketball-reference.com/players/s/smithis01/gamelog/
J.R. Smith,SG,cle,http://www.basketball-reference.com/players/s/smithjr01/gamelog/
Jason Smith,PF,was,http://www.basketball-reference.com/players/s/smithja02/gamelog/
Tony Snell,SF,mil,http://www.basketball-reference.com/players/s/snellto01/gamelog/
Marreese Speights,C,lac,http://www.basketball-reference.com/players/s/speigma01/gamelog/
Tiago Splitter,C,atl,http://www.basketball-reference.com/players/s/splitti01/gamelog/
Nik Stauskas,SG,phi,http://www.basketball-reference.com/players/s/stausni01/gamelog/
D.J. Stephens,SG,mem,http://www.basketball-reference.com/players/s/stephdj01/gamelog/
Lance Stephenson,SG,nor,http://www.basketball-reference.com/players/s/stephla01/gamelog/
Greg Stiemsma,C,por,http://www.basketball-reference.com/players/s/stiemgr01/gamelog/
Jarnell Stokes,PF,den,http://www.basketball-reference.com/players/s/stokeja01/gamelog/
Julyan Stone,PG,ind,http://www.basketball-reference.com/players/s/stoneju01/gamelog/
Rodney Stuckey,PG,ind,http://www.basketball-reference.com/players/s/stuckro01/gamelog/
Jared Sullinger,C,tor,http://www.basketball-reference.com/players/s/sullija01/gamelog/
Walter Tavares,C,atl,http://www.basketball-reference.com/players/t/tavarwa01/gamelog/
Jeff Teague,PG,ind,http://www.basketball-reference.com/players/t/teaguje01/gamelog/
Mirza Teletovic,PF,mil,http://www.basketball-reference.com/players/t/teletmi01/gamelog/
Garrett Temple,SG,sac,http://www.basketball-reference.com/players/t/templga01/gamelog/
Jason Terry,SG,mil,http://www.basketball-reference.com/players/t/terryja01/gamelog/
Isaiah Thomas,PG,bos,http://www.basketball-reference.com/players/t/thomais02/gamelog/
Lance Thomas,SF,nyk,http://www.basketball-reference.com/players/t/thomala01/gamelog/
Hollis Thompson,SG,phi,http://www.basketball-reference.com/players/t/thompho01/gamelog/
Klay Thompson,SG,gsw,http://www.basketball-reference.com/players/t/thompkl01/gamelog/
Tristan Thompson,C,cle,http://www.basketball-reference.com/players/t/thomptr01/gamelog/
Marcus Thornton,SF,was,http://www.basketball-reference.com/players/t/thornma01/gamelog/
Anthony Tolliver,PF,sac,http://www.basketball-reference.com/players/t/tollian01/gamelog/
Axel Toupane,SG,den,http://www.basketball-reference.com/players/t/toupaax01/gamelog/
Karl-Anthony Towns,PF,min,http://www.basketball-reference.com/players/t/townska01/gamelog/
P.J. Tucker,SF,pho,http://www.basketball-reference.com/players/t/tuckepj01/gamelog/
Evan Turner,SG,por,http://www.basketball-reference.com/players/t/turneev01/gamelog/
Myles Turner,PF,ind,http://www.basketball-reference.com/players/t/turnemy01/gamelog/
Beno Udrih,PG,mia,http://www.basketball-reference.com/players/u/udrihbe01/gamelog/
Jonas Valanciunas,C,tor,http://www.basketball-reference.com/players/v/valanjo01/gamelog/
Anderson Varejao,C,gsw,http://www.basketball-reference.com/players/v/varejan01/gamelog/
Greivis Vasquez,PG,bkn,http://www.basketball-reference.com/players/v/vasqugr01/gamelog/
Rashad Vaughn,SG,mil,http://www.basketball-reference.com/players/v/vaughra01/gamelog/
Noah Vonleh,PF,por,http://www.basketball-reference.com/players/v/vonleno01/gamelog/
Nikola Vucevic,C,orl,http://www.basketball-reference.com/players/v/vucevni01/gamelog/
Sasha Vujacic,SG,nyk,http://www.basketball-reference.com/players/v/vujacsa01/gamelog/
Dwyane Wade,SG,chi,http://www.basketball-reference.com/players/w/wadedw01/gamelog/
Dion Waiters,SG,mia,http://www.basketball-reference.com/players/w/waitedi01/gamelog/
Kemba Walker,PG,cha,http://www.basketball-reference.com/players/w/walkeke02/gamelog/
John Wall,PG,was,http://www.basketball-reference.com/players/w/walljo01/gamelog/
Casper Ware,PG,was,http://www.basketball-reference.com/players/w/wareca01/gamelog/
T.J. Warren,SF,pho,http://www.basketball-reference.com/players/w/warretj01/gamelog/
C.J. Watson,PG,orl,http://www.basketball-reference.com/players/w/watsocj01/gamelog/
Briante Weber,PG,mia,http://www.basketball-reference.com/players/w/weberbr01/gamelog/
David West,PF,gsw,http://www.basketball-reference.com/players/w/westda01/gamelog/
Russell Westbrook,PG,okc,http://www.basketball-reference.com/players/w/westbru01/gamelog/
Hassan Whiteside,C,mia,http://www.basketball-reference.com/players/w/whiteha01/gamelog/
Andrew Wiggins,SF,min,http://www.basketball-reference.com/players/w/wiggian01/gamelog/
C.J. Wilcox,SG,orl,http://www.basketball-reference.com/players/w/wilcocj01/gamelog/
Alan Williams,PF,pho,http://www.basketball-reference.com/players/w/willial03/gamelog/
Deron Williams,PG,dal,http://www.basketball-reference.com/players/w/willide01/gamelog/
Derrick Williams,PF,mia,http://www.basketball-reference.com/players/w/willide02/gamelog/
Elliot Williams,SG,gsw,http://www.basketball-reference.com/players/w/williel01/gamelog/
Marvin Williams,PF,cha,http://www.basketball-reference.com/players/w/willima02/gamelog/
Reggie Williams,SF,okc,http://www.basketball-reference.com/players/w/willire02/gamelog/
Justise Winslow,SF,mia,http://www.basketball-reference.com/players/w/winslju01/gamelog/
Jeff Withey,C,uth,http://www.basketball-reference.com/players/w/witheje01/gamelog/
Nate Wolters,PG,den,http://www.basketball-reference.com/players/w/woltena01/gamelog/
Christian Wood,PF,cha,http://www.basketball-reference.com/players/w/woodch01/gamelog/
Metta World Peace,SF,lal,http://www.basketball-reference.com/players/a/artesro01/gamelog/
Brandan Wright,PF,mem,http://www.basketball-reference.com/players/w/wrighbr03/gamelog/
Chris Wright,SF,okc,http://www.basketball-reference.com/players/w/wrighch01/gamelog/
Delon Wright,PG,tor,http://www.basketball-reference.com/players/w/wrighde01/gamelog/
James Young,SG,bos,http://www.basketball-reference.com/players/y/youngja01/gamelog/
Nick Young,SF,lal,http://www.basketball-reference.com/players/y/youngni01/gamelog/
Thaddeus Young,PF,ind,http://www.basketball-reference.com/players/y/youngth01/gamelog/
Cody Zeller,PF,cha,http://www.basketball-reference.com/players/z/zelleco01/gamelog/
Tyler Zeller,C,bos,http://www.basketball-reference.com/players/z/zellety01/gamelog/
